match_id,date_utc,competition,home,away,home_goals,away_goals,actual_result,total_goals,btts_actual,over_0_5_actual,over_1_5_actual,over_2_5_actual,over_3_5_actual,actual_advancing_team,result_semantics,evaluation_eligible_1x2,had_extra_time,had_penalties,penalties_home,penalties_away,result_source,last_updated
66456904,2026-06-11,FIFA World Cup,Mexico,South Africa,2,0,home_win,2,0,1,1,0,0,,90-minute regular time,True,False,False,,,genui_worldcup_schedule_2026_07_08,2026-07-08T16:57:49+00:00
66456906,2026-06-12,FIFA World Cup,South Korea,Czechia,2,1,home_win,3,1,1,1,1,0,,90-minute regular time,True,False,False,,,genui_worldcup_schedule_2026_07_08,2026-07-08T16:57:49+00:00
66456916,2026-06-12,FIFA World Cup,Canada,Bosnia and Herzegovina,1,1,draw,2,1,1,1,0,0,,90-minute regular time,True,False,False,,,genui_worldcup_schedule_2026_07_08,2026-07-08T16:57:49+00:00
66456940,2026-06-13,FIFA World Cup,United States,Paraguay,4,1,home_win,5,1,1,1,1,1,,90-minute regular time,True,False,False,,,genui_worldcup_schedule_2026_07_08,2026-07-08T16:57:49+00:00
66456918,2026-06-13,FIFA World Cup,Qatar,Switzerland,1,1,draw,2,1,1,1,0,0,,90-minute regular time,True,False,False,,,genui_worldcup_schedule_2026_07_08,2026-07-08T16:57:49+00:00
66456928,2026-06-14,FIFA World Cup,Brazil,Morocco,1,1,draw,2,1,1,1,0,0,,90-minute regular time,True,False,False,,,genui_worldcup_schedule_2026_07_08,2026-07-08T16:57:49+00:00
66456930,2026-06-14,FIFA World Cup,Haiti,Scotland,0,1,away_win,1,0,1,0,0,0,,90-minute regular time,True,False,False,,,genui_worldcup_schedule_2026_07_08,2026-07-08T16:57:49+00:00
66456942,2026-06-14,FIFA World Cup,Australia,Turkiye,2,0,home_win,2,0,1,1,0,0,,90-minute regular time,True,False,False,,,genui_worldcup_schedule_2026_07_08,2026-07-08T16:57:49+00:00
66457070,2026-06-14,FIFA World Cup,Germany,Curacao,7,1,home_win,8,1,1,1,1,1,,90-minute regular time,True,False,False,,,genui_worldcup_schedule_2026_07_08,2026-07-08T16:57:49+00:00
66456968,2026-06-14,FIFA World Cup,Netherlands,Japan,2,2,draw,4,1,1,1,1,1,,90-minute regular time,True,False,False,,,genui_worldcup_schedule_2026_07_08,2026-07-08T16:57:49+00:00
66457072,2026-06-15,FIFA World Cup,Ivory Coast,Ecuador,1,0,home_win,1,0,1,0,0,0,,90-minute regular time,True,False,False,,,genui_worldcup_schedule_2026_07_08,2026-07-08T16:57:49+00:00
66456970,2026-06-15,FIFA World Cup,Sweden,Tunisia,5,1,home_win,6,1,1,1,1,1,,90-minute regular time,True,False,False,,,genui_worldcup_schedule_2026_07_08,2026-07-08T16:57:49+00:00
66456994,2026-06-15,FIFA World Cup,Spain,Cape Verde,0,0,draw,0,0,0,0,0,0,,90-minute regular time,True,False,False,,,genui_worldcup_schedule_2026_07_08,2026-07-08T16:57:49+00:00
66456982,2026-06-15,FIFA World Cup,Belgium,Egypt,1,1,draw,2,1,1,1,0,0,,90-minute regular time,True,False,False,,,genui_worldcup_schedule_2026_07_08,2026-07-08T16:57:49+00:00
66456996,2026-06-16,FIFA World Cup,Saudi Arabia,Uruguay,1,1,draw,2,1,1,1,0,0,,90-minute regular time,True,False,False,,,genui_worldcup_schedule_2026_07_08,2026-07-08T16:57:49+00:00
66456984,2026-06-16,FIFA World Cup,Iran,New Zealand,2,2,draw,4,1,1,1,1,1,,90-minute regular time,True,False,False,,,genui_worldcup_schedule_2026_07_08,2026-07-08T16:57:49+00:00
66457006,2026-06-16,FIFA World Cup,France,Senegal,3,1,home_win,4,1,1,1,1,1,,90-minute regular time,True,False,False,,,genui_worldcup_schedule_2026_07_08,2026-07-08T16:57:49+00:00
66457008,2026-06-17,FIFA World Cup,Iraq,Norway,1,4,away_win,5,1,1,1,1,1,,90-minute regular time,True,False,False,,,genui_worldcup_schedule_2026_07_08,2026-07-08T16:57:49+00:00
66457018,2026-06-17,FIFA World Cup,Argentina,Algeria,3,0,home_win,3,0,1,1,1,0,,90-minute regular time,True,False,False,,,genui_worldcup_schedule_2026_07_08,2026-07-08T16:57:49+00:00
66457020,2026-06-17,FIFA World Cup,Austria,Jordan,3,1,home_win,4,1,1,1,1,1,,90-minute regular time,True,False,False,,,genui_worldcup_schedule_2026_07_08,2026-07-08T16:57:49+00:00
66457030,2026-06-17,FIFA World Cup,Portugal,DR Congo,1,1,draw,2,1,1,1,0,0,,90-minute regular time,True,False,False,,,genui_worldcup_schedule_2026_07_08,2026-07-08T16:57:49+00:00
66457042,2026-06-17,FIFA World Cup,England,Croatia,4,2,home_win,6,1,1,1,1,1,,90-minute regular time,True,False,False,,,genui_worldcup_schedule_2026_07_08,2026-07-08T16:57:49+00:00
66457044,2026-06-18,FIFA World Cup,Ghana,Panama,1,0,home_win,1,0,1,0,0,0,,90-minute regular time,True,False,False,,,genui_worldcup_schedule_2026_07_08,2026-07-08T16:57:49+00:00
66457032,2026-06-18,FIFA World Cup,Uzbekistan,Colombia,1,3,away_win,4,1,1,1,1,1,,90-minute regular time,True,False,False,,,genui_worldcup_schedule_2026_07_08,2026-07-08T16:57:49+00:00
66456910,2026-06-18,FIFA World Cup,Czechia,South Africa,1,1,draw,2,1,1,1,0,0,,90-minute regular time,True,False,False,,,genui_worldcup_schedule_2026_07_08,2026-07-08T16:57:49+00:00
66456922,2026-06-18,FIFA World Cup,Switzerland,Bosnia and Herzegovina,4,1,home_win,5,1,1,1,1,1,,90-minute regular time,True,False,False,,,genui_worldcup_schedule_2026_07_08,2026-07-08T16:57:49+00:00
66456920,2026-06-19,FIFA World Cup,Canada,Qatar,6,0,home_win,6,0,1,1,1,1,,90-minute regular time,True,False,False,,,genui_worldcup_schedule_2026_07_08,2026-07-08T16:57:49+00:00
66456908,2026-06-19,FIFA World Cup,Mexico,South Korea,1,0,home_win,1,0,1,0,0,0,,90-minute regular time,True,False,False,,,genui_worldcup_schedule_2026_07_08,2026-07-08T16:57:49+00:00
wc2026_32,2026-06-19,FIFA World Cup,United States,Australia,2,0,home_win,2,0,1,1,0,0,,90-minute regular time,True,False,False,,,genui_worldcup_schedule_2026_07_08,2026-07-08T16:57:49+00:00
wc2026_30,2026-06-20,FIFA World Cup,Scotland,Morocco,0,1,away_win,1,0,1,0,0,0,,90-minute regular time,True,False,False,,,genui_worldcup_schedule_2026_07_08,2026-07-08T16:57:49+00:00
wc2026_29,2026-06-20,FIFA World Cup,Brazil,Haiti,3,0,home_win,3,0,1,1,1,0,,90-minute regular time,True,False,False,,,genui_worldcup_schedule_2026_07_08,2026-07-08T16:57:49+00:00
wc2026_31,2026-06-20,FIFA World Cup,Turkiye,Paraguay,0,1,away_win,1,0,1,0,0,0,,90-minute regular time,True,False,False,,,genui_worldcup_schedule_2026_07_08,2026-07-08T16:57:49+00:00
wc2026_35,2026-06-20,FIFA World Cup,Netherlands,Sweden,5,1,home_win,6,1,1,1,1,1,,90-minute regular time,True,False,False,,,genui_worldcup_schedule_2026_07_08,2026-07-08T16:57:49+00:00
wc2026_33,2026-06-20,FIFA World Cup,Germany,Ivory Coast,2,1,home_win,3,1,1,1,1,0,,90-minute regular time,True,False,False,,,genui_worldcup_schedule_2026_07_08,2026-07-08T16:57:49+00:00
wc2026_34,2026-06-21,FIFA World Cup,Ecuador,Curacao,0,0,draw,0,0,0,0,0,0,,90-minute regular time,True,False,False,,,genui_worldcup_schedule_2026_07_08,2026-07-08T16:57:49+00:00
wc2026_36,2026-06-21,FIFA World Cup,Tunisia,Japan,0,4,away_win,4,0,1,1,1,1,,90-minute regular time,True,False,False,,,genui_worldcup_schedule_2026_07_08,2026-07-08T16:57:49+00:00
wc2026_37,2026-06-21,FIFA World Cup,Spain,Saudi Arabia,4,0,home_win,4,0,1,1,1,1,,90-minute regular time,True,False,False,,,genui_worldcup_schedule_2026_07_08,2026-07-08T16:57:49+00:00
wc2026_38,2026-06-21,FIFA World Cup,Belgium,Iran,0,0,draw,0,0,0,0,0,0,,90-minute regular time,True,False,False,,,genui_worldcup_schedule_2026_07_08,2026-07-08T16:57:49+00:00
wc2026_39,2026-06-22,FIFA World Cup,Uruguay,Cape Verde,2,2,draw,4,1,1,1,1,1,,90-minute regular time,True,False,False,,,genui_worldcup_schedule_2026_07_08,2026-07-08T16:57:49+00:00
wc2026_40,2026-06-22,FIFA World Cup,New Zealand,Egypt,1,3,away_win,4,1,1,1,1,1,,90-minute regular time,True,False,False,,,genui_worldcup_schedule_2026_07_08,2026-07-08T16:57:49+00:00
wc2026_41,2026-06-22,FIFA World Cup,Argentina,Austria,2,0,home_win,2,0,1,1,0,0,,90-minute regular time,True,False,False,,,genui_worldcup_schedule_2026_07_08,2026-07-08T16:57:49+00:00
wc2026_42,2026-06-22,FIFA World Cup,France,Iraq,3,0,home_win,3,0,1,1,1,0,,90-minute regular time,True,False,False,,,genui_worldcup_schedule_2026_07_08,2026-07-08T16:57:49+00:00
wc2026_43,2026-06-23,FIFA World Cup,Norway,Senegal,3,2,home_win,5,1,1,1,1,1,,90-minute regular time,True,False,False,,,genui_worldcup_schedule_2026_07_08,2026-07-08T16:57:49+00:00
wc2026_44,2026-06-23,FIFA World Cup,Jordan,Algeria,1,2,away_win,3,1,1,1,1,0,,90-minute regular time,True,False,False,,,genui_worldcup_schedule_2026_07_08,2026-07-08T16:57:49+00:00
wc2026_45,2026-06-23,FIFA World Cup,Portugal,Uzbekistan,5,0,home_win,5,0,1,1,1,1,,90-minute regular time,True,False,False,,,genui_worldcup_schedule_2026_07_08,2026-07-08T16:57:49+00:00
wc2026_46,2026-06-23,FIFA World Cup,England,Ghana,0,0,draw,0,0,0,0,0,0,,90-minute regular time,True,False,False,,,genui_worldcup_schedule_2026_07_08,2026-07-08T16:57:49+00:00
wc2026_47,2026-06-24,FIFA World Cup,Panama,Croatia,0,1,away_win,1,0,1,0,0,0,,90-minute regular time,True,False,False,,,genui_worldcup_schedule_2026_07_08,2026-07-08T16:57:49+00:00
wc2026_48,2026-06-24,FIFA World Cup,Colombia,DR Congo,1,0,home_win,1,0,1,0,0,0,,90-minute regular time,True,False,False,,,genui_worldcup_schedule_2026_07_08,2026-07-08T16:57:49+00:00
wc2026_49,2026-06-24,FIFA World Cup,Switzerland,Canada,2,1,home_win,3,1,1,1,1,0,,90-minute regular time,True,False,False,,,genui_worldcup_schedule_2026_07_08,2026-07-08T16:57:49+00:00
wc2026_50,2026-06-24,FIFA World Cup,Bosnia and Herzegovina,Qatar,3,1,home_win,4,1,1,1,1,1,,90-minute regular time,True,False,False,,,genui_worldcup_schedule_2026_07_08,2026-07-08T16:57:49+00:00
wc2026_51,2026-06-25,FIFA World Cup,Scotland,Brazil,0,3,away_win,3,0,1,1,1,0,,90-minute regular time,True,False,False,,,genui_worldcup_schedule_2026_07_08,2026-07-08T16:57:49+00:00
wc2026_52,2026-06-25,FIFA World Cup,Morocco,Haiti,4,2,home_win,6,1,1,1,1,1,,90-minute regular time,True,False,False,,,genui_worldcup_schedule_2026_07_08,2026-07-08T16:57:49+00:00
wc2026_53,2026-06-25,FIFA World Cup,Czechia,Mexico,0,3,away_win,3,0,1,1,1,0,,90-minute regular time,True,False,False,,,genui_worldcup_schedule_2026_07_08,2026-07-08T16:57:49+00:00
wc2026_54,2026-06-25,FIFA World Cup,South Africa,South Korea,1,0,home_win,1,0,1,0,0,0,,90-minute regular time,True,False,False,,,genui_worldcup_schedule_2026_07_08,2026-07-08T16:57:49+00:00
wc2026_55,2026-06-25,FIFA World Cup,Ecuador,Germany,2,1,home_win,3,1,1,1,1,0,,90-minute regular time,True,False,False,,,genui_worldcup_schedule_2026_07_08,2026-07-08T16:57:49+00:00
wc2026_56,2026-06-25,FIFA World Cup,Curacao,Ivory Coast,0,2,away_win,2,0,1,1,0,0,,90-minute regular time,True,False,False,,,genui_worldcup_schedule_2026_07_08,2026-07-08T16:57:49+00:00
wc2026_58,2026-06-26,FIFA World Cup,Tunisia,Netherlands,1,3,away_win,4,1,1,1,1,1,,90-minute regular time,True,False,False,,,genui_worldcup_schedule_2026_07_08,2026-07-08T16:57:49+00:00
wc2026_57,2026-06-26,FIFA World Cup,Japan,Sweden,1,1,draw,2,1,1,1,0,0,,90-minute regular time,True,False,False,,,genui_worldcup_schedule_2026_07_08,2026-07-08T16:57:49+00:00
66456948,2026-06-26,FIFA World Cup,Turkiye,United States,3,2,home_win,5,1,1,1,1,1,,90-minute regular time,True,False,False,,,genui_worldcup_schedule_2026_07_08,2026-07-08T16:57:49+00:00
66456950,2026-06-26,FIFA World Cup,Paraguay,Australia,0,0,draw,0,0,0,0,0,0,,90-minute regular time,True,False,False,,,genui_worldcup_schedule_2026_07_08,2026-07-08T16:57:49+00:00
66457014,2026-06-26,FIFA World Cup,Norway,France,1,4,away_win,5,1,1,1,1,1,,90-minute regular time,True,False,False,,,genui_worldcup_schedule_2026_07_08,2026-07-08T16:57:49+00:00
66457016,2026-06-26,FIFA World Cup,Senegal,Iraq,5,0,home_win,5,0,1,1,1,1,,90-minute regular time,True,False,False,,,genui_worldcup_schedule_2026_07_08,2026-07-08T16:57:49+00:00
66457002,2026-06-27,FIFA World Cup,Uruguay,Spain,0,1,away_win,1,0,1,0,0,0,,90-minute regular time,True,False,False,,,genui_worldcup_schedule_2026_07_08,2026-07-08T16:57:49+00:00
66457004,2026-06-27,FIFA World Cup,Cape Verde,Saudi Arabia,0,0,draw,0,0,0,0,0,0,,90-minute regular time,True,False,False,,,genui_worldcup_schedule_2026_07_08,2026-07-08T16:57:49+00:00
66456990,2026-06-27,FIFA World Cup,New Zealand,Belgium,1,5,away_win,6,1,1,1,1,1,,90-minute regular time,True,False,False,,,genui_worldcup_schedule_2026_07_08,2026-07-08T16:57:49+00:00
66456992,2026-06-27,FIFA World Cup,Egypt,Iran,1,1,draw,2,1,1,1,0,0,,90-minute regular time,True,False,False,,,genui_worldcup_schedule_2026_07_08,2026-07-08T16:57:49+00:00
66457050,2026-06-27,FIFA World Cup,Panama,England,0,2,away_win,2,0,1,1,0,0,,90-minute regular time,True,False,False,,,genui_worldcup_schedule_2026_07_08,2026-07-08T16:57:49+00:00
66457052,2026-06-27,FIFA World Cup,Croatia,Ghana,2,1,home_win,3,1,1,1,1,0,,90-minute regular time,True,False,False,,,genui_worldcup_schedule_2026_07_08,2026-07-08T16:57:49+00:00
66457038,2026-06-28,FIFA World Cup,Colombia,Portugal,0,0,draw,0,0,0,0,0,0,,90-minute regular time,True,False,False,,,genui_worldcup_schedule_2026_07_08,2026-07-08T16:57:49+00:00
66457040,2026-06-28,FIFA World Cup,DR Congo,Uzbekistan,3,1,home_win,4,1,1,1,1,1,,90-minute regular time,True,False,False,,,genui_worldcup_schedule_2026_07_08,2026-07-08T16:57:49+00:00
66457026,2026-06-28,FIFA World Cup,Jordan,Argentina,1,3,away_win,4,1,1,1,1,1,,90-minute regular time,True,False,False,,,genui_worldcup_schedule_2026_07_08,2026-07-08T16:57:49+00:00
66457028,2026-06-28,FIFA World Cup,Algeria,Austria,3,3,draw,6,1,1,1,1,1,,90-minute regular time,True,False,False,,,genui_worldcup_schedule_2026_07_08,2026-07-08T16:57:49+00:00
wc2026_73,2026-06-28,FIFA World Cup,South Africa,Canada,0,1,away_win,1,0,1,0,0,0,Canada,90-minute regular time,True,False,False,,,genui_worldcup_schedule_2026_07_08,2026-07-08T16:57:49+00:00
wc2026_76,2026-06-29,FIFA World Cup,Brazil,Japan,2,1,home_win,3,1,1,1,1,0,Brazil,90-minute regular time,True,False,False,,,genui_worldcup_schedule_2026_07_08,2026-07-08T16:57:49+00:00
wc2026_74,2026-06-29,FIFA World Cup,Germany,Paraguay,1,1,draw,2,1,1,1,0,0,Paraguay,90-minute regular time,True,True,True,3,4,genui_worldcup_schedule_2026_07_08,2026-07-08T16:57:49+00:00
wc2026_75,2026-06-30,FIFA World Cup,Netherlands,Morocco,1,1,draw,2,1,1,1,0,0,Morocco,90-minute regular time,True,True,True,2,3,genui_worldcup_schedule_2026_07_08,2026-07-08T16:57:49+00:00
wc2026_78,2026-06-30,FIFA World Cup,Ivory Coast,Norway,1,2,away_win,3,1,1,1,1,0,Norway,90-minute regular time,True,False,False,,,genui_worldcup_schedule_2026_07_08,2026-07-08T16:57:49+00:00
wc2026_77,2026-06-30,FIFA World Cup,France,Sweden,3,0,home_win,3,0,1,1,1,0,France,90-minute regular time,True,False,False,,,genui_worldcup_schedule_2026_07_08,2026-07-08T16:57:49+00:00
wc2026_79,2026-07-01,FIFA World Cup,Mexico,Ecuador,2,0,home_win,2,0,1,1,0,0,Mexico,90-minute regular time,True,False,False,,,genui_worldcup_schedule_2026_07_08,2026-07-08T16:57:49+00:00
wc2026_80,2026-07-01,FIFA World Cup,England,DR Congo,2,1,home_win,3,1,1,1,1,0,England,90-minute regular time,True,False,False,,,genui_worldcup_schedule_2026_07_08,2026-07-08T16:57:49+00:00
wc2026_82,2026-07-01,FIFA World Cup,Belgium,Senegal,2,2,draw,4,1,1,1,1,1,Belgium,90-minute regular time,True,True,False,,,genui_worldcup_schedule_2026_07_08,2026-07-08T16:57:49+00:00
wc2026_81,2026-07-02,FIFA World Cup,United States,Bosnia and Herzegovina,2,0,home_win,2,0,1,1,0,0,United States,90-minute regular time,True,False,False,,,genui_worldcup_schedule_2026_07_08,2026-07-08T16:57:49+00:00
wc2026_84,2026-07-02,FIFA World Cup,Spain,Austria,3,0,home_win,3,0,1,1,1,0,Spain,90-minute regular time,True,False,False,,,genui_worldcup_schedule_2026_07_08,2026-07-08T16:57:49+00:00
wc2026_83,2026-07-03,FIFA World Cup,Portugal,Croatia,2,1,home_win,3,1,1,1,1,0,Portugal,90-minute regular time,True,False,False,,,genui_worldcup_schedule_2026_07_08,2026-07-08T16:57:49+00:00
wc2026_85,2026-07-03,FIFA World Cup,Switzerland,Algeria,2,0,home_win,2,0,1,1,0,0,Switzerland,90-minute regular time,True,False,False,,,genui_worldcup_schedule_2026_07_08,2026-07-08T16:57:49+00:00
wc2026_88,2026-07-03,FIFA World Cup,Australia,Egypt,1,1,draw,2,1,1,1,0,0,Egypt,90-minute regular time,True,True,True,2,4,genui_worldcup_schedule_2026_07_08,2026-07-08T16:57:49+00:00
wc2026_86,2026-07-04,FIFA World Cup,Argentina,Cape Verde,1,1,draw,2,1,1,1,1,1,Argentina,90-minute regular time,True,True,False,,,genui_worldcup_schedule_2026_07_08,2026-07-08T16:57:49+00:00
wc2026_87,2026-07-04,FIFA World Cup,Colombia,Ghana,1,0,home_win,1,0,1,0,0,0,Colombia,90-minute regular time,True,False,False,,,genui_worldcup_schedule_2026_07_08,2026-07-08T16:57:49+00:00
wc2026_90,2026-07-04,FIFA World Cup,Canada,Morocco,0,3,away_win,3,0,1,1,1,0,Morocco,90-minute regular time,True,False,False,,,genui_worldcup_schedule_2026_07_08,2026-07-08T16:57:49+00:00
wc2026_89,2026-07-04,FIFA World Cup,Paraguay,France,0,1,away_win,1,0,1,0,0,0,France,90-minute regular time,True,False,False,,,genui_worldcup_schedule_2026_07_08,2026-07-08T16:57:49+00:00
wc2026_91,2026-07-05,FIFA World Cup,Brazil,Norway,1,2,away_win,3,1,1,1,1,0,Norway,90-minute regular time,True,False,False,,,genui_worldcup_schedule_2026_07_08,2026-07-08T16:57:49+00:00
wc2026_92,2026-07-06,FIFA World Cup,Mexico,England,2,3,away_win,5,1,1,1,1,1,England,90-minute regular time,True,False,False,,,genui_worldcup_schedule_2026_07_08,2026-07-08T16:57:49+00:00
wc2026_93,2026-07-06,FIFA World Cup,Portugal,Spain,0,1,away_win,1,0,1,0,0,0,Spain,90-minute regular time,True,False,False,,,genui_worldcup_schedule_2026_07_08,2026-07-08T16:57:49+00:00
wc2026_94,2026-07-07,FIFA World Cup,United States,Belgium,1,4,away_win,5,1,1,1,1,1,Belgium,90-minute regular time,True,False,False,,,genui_worldcup_schedule_2026_07_08,2026-07-08T16:57:49+00:00
wc2026_95,2026-07-07,FIFA World Cup,Argentina,Egypt,3,2,home_win,5,1,1,1,1,1,Argentina,90-minute regular time,True,False,False,,,genui_worldcup_schedule_2026_07_08,2026-07-08T16:57:49+00:00
wc2026_96,2026-07-07,FIFA World Cup,Switzerland,Colombia,0,0,draw,0,0,0,0,0,0,Switzerland,90-minute regular time,True,True,True,4,3,genui_worldcup_schedule_2026_07_08,2026-07-08T16:57:49+00:00
